﻿Date,County,New Confirmed Cases,Total Confirmed Cases,New Probable and Confirmed Deaths,Total Probable and Confirmed Deaths
8/19/2020,Barnstable,0,1579,2,164
8/19/2020,Berkshire,1,632,0,46
8/19/2020,Bristol,12,8864,0,644
8/19/2020,Dukes,0,50,,
8/19/2020,Essex,56,17435,1,1205
8/19/2020,Franklin,0,375,0,61
8/19/2020,Hampden,12,7482,3,729
8/19/2020,Hampshire,9,1107,0,131
8/19/2020,Middlesex,42,24538,10,2034
8/19/2020,Nantucket,0,34,,
8/19/2020,Norfolk,23,9293,2,1004
8/19/2020,Plymouth,17,8881,0,730
8/19/2020,Suffolk,70,21393,4,1090
8/19/2020,Worcester,18,13107,6,1032
8/19/2020,Unknown,4,278,0,5
8/19/2020,Dukes and Nantucket,,,0,1
