Date,Category,Response,Deaths,
6/1/2020,Sex,Male,3345,
6/1/2020,Sex,Female,3684,
6/1/2020,Hosp,Yes,3865,
6/1/2020,Hosp,No,856,
6/1/2020,Hosp,Unknown,2314,
6/1/2020,Preexist,Yes,3223,
6/1/2020,Preexist,No,54,
6/1/2020,Preexist,Unknown,3758,
6/2/2020,Sex,Male,3368,
6/2/2020,Sex,Female,3712,
6/2/2020,Hosp,Yes,3906,
6/2/2020,Hosp,No,860,
6/2/2020,Hosp,Unknown,2319,
6/2/2020,Preexist,Yes,3269,
6/2/2020,Preexist,No,55,
6/2/2020,Preexist,Unknown,3761,
6/3/2020,Sex,Male,3392,
6/3/2020,Sex,Female,3755,
6/3/2020,Hosp,Yes,3931,
6/3/2020,Hosp,No,873,
6/3/2020,Hosp,Unknown,2348,
6/3/2020,Preexist,Yes,3293,
6/3/2020,Preexist,No,57,
6/3/2020,Preexist,Unknown,3802,
6/4/2020,Sex,Male,3410,
6/4/2020,Sex,Female,3789,
6/4/2020,Hosp,Yes,3957,
6/4/2020,Hosp,No,887,
6/4/2020,Hosp,Unknown,2357,
6/4/2020,Preexist,Yes,3312,
6/4/2020,Preexist,No,60,
6/4/2020,Preexist,Unknown,3829,
6/5/2020,Sex,Male,3429,
6/5/2020,Sex,Female,3803,
6/5/2020,Hosp,Yes,3973,
6/5/2020,Hosp,No,896,
6/5/2020,Hosp,Unknown,2366,
6/5/2020,Preexist,Yes,3330,
6/5/2020,Preexist,No,61,
6/5/2020,Preexist,Unknown,3844,
6/6/2020,Sex,Male,3452,
6/6/2020,Sex,Female,3836,
6/6/2020,Hosp,Yes,4006,
6/6/2020,Hosp,No,912,
6/6/2020,Hosp,Unknown,2371,
6/6/2020,Preexist,Yes,3411,
6/6/2020,Preexist,No,61,
6/6/2020,Preexist,Unknown,3817,
6/7/2020,Sex,Male,3462,
6/7/2020,Sex,Female,3853,
6/7/2020,Hosp,Yes,4018,
6/7/2020,Hosp,No,916,
6/7/2020,Hosp,Unknown,2382,
6/7/2020,Preexist,Yes,3427,
6/7/2020,Preexist,No,61,
6/7/2020,Preexist,Unknown,3828,
6/8/2020,Sex,Male,3480,
6/8/2020,Sex,Female,3872,
6/8/2020,Hosp,Yes,4042,
6/8/2020,Hosp,No,925,
6/8/2020,Hosp,Unknown,2386,
6/8/2020,Preexist,Yes,3442,
6/8/2020,Preexist,No,61,
6/8/2020,Preexist,Unknown,3850,
6/9/2020,Sex,Male,3503,
6/9/2020,Sex,Female,3904,
6/9/2020,Hosp,Yes,4070,
6/9/2020,Hosp,No,938,
6/9/2020,Hosp,Unknown,2400,
6/9/2020,Preexist,Yes,3466,
6/9/2020,Preexist,No,61,
6/9/2020,Preexist,Unknown,3881,
6/10/2020,Sex,Male,3517,
6/10/2020,Sex,Female,3936,
6/10/2020,Hosp,Yes,4089,
6/10/2020,Hosp,No,952,
6/10/2020,Hosp,Unknown,2413,
6/10/2020,Preexist,Yes,3480,
6/10/2020,Preexist,No,62,
6/10/2020,Preexist,Unknown,3912,
6/11/2020,Sex,Male,3532,
6/11/2020,Sex,Female,3959,
6/11/2020,Hosp,Yes,4108,
6/11/2020,Hosp,No,969,
6/11/2020,Hosp,Unknown,2415,
6/11/2020,Preexist,Yes,3519,
6/11/2020,Preexist,No,62,
6/11/2020,Preexist,Unknown,3911,
6/12/2020,Sex,Male,3555,
6/12/2020,Sex,Female,3982,
6/12/2020,Hosp,Yes,4130,
6/12/2020,Hosp,No,978,
6/12/2020,Hosp,Unknown,2430,
6/12/2020,Preexist,Yes,3540,
6/12/2020,Preexist,No,63,
6/12/2020,Preexist,Unknown,3935,
6/13/2020,Sex,Male,3570,
6/13/2020,Sex,Female,4005,
6/13/2020,Hosp,Yes,4148,
6/13/2020,Hosp,No,981,
6/13/2020,Hosp,Unknown,2447,
6/13/2020,Preexist,Yes,3565,
6/13/2020,Preexist,No,62,
6/13/2020,Preexist,Unknown,3949,
6/14/2020,Sex,Male,3586,
6/14/2020,Sex,Female,4037,
6/14/2020,Hosp,Yes,4176,
6/14/2020,Hosp,No,986,
6/14/2020,Hosp,Unknown,2462,
6/14/2020,Preexist,Yes,3598,
6/14/2020,Preexist,No,62,
6/14/2020,Preexist,Unknown,3964,
6/15/2020,Sex,Male,3599,
6/15/2020,Sex,Female,4047,
6/15/2020,Hosp,Yes,4189,
6/15/2020,Hosp,No,987,
6/15/2020,Hosp,Unknown,2471,
6/15/2020,Preexist,Yes,3603,
6/15/2020,Preexist,No,62,
6/15/2020,Preexist,Unknown,3982,
6/16/2020,Sex,Male,3604,
6/16/2020,Sex,Female,4060,
6/16/2020,Hosp,Yes,4199,
6/16/2020,Hosp,No,999,
6/16/2020,Hosp,Unknown,2467,
6/16/2020,Preexist,Yes,3616,
6/16/2020,Preexist,No,62,
6/16/2020,Preexist,Unknown,3987,
6/17/2020,Sex,Male,3632,
6/17/2020,Sex,Female,4101,
6/17/2020,Hosp,Yes,4236,
6/17/2020,Hosp,No,1009,
6/17/2020,Hosp,Unknown,2489,
6/17/2020,Preexist,Yes,3643,
6/17/2020,Preexist,No,65,
6/17/2020,Preexist,Unknown,4026,
6/18/2020,Sex,Male,3649,
6/18/2020,Sex,Female,4120,
6/18/2020,Hosp,Yes,4252,
6/18/2020,Hosp,No,1026,
6/18/2020,Hosp,Unknown,2492,
6/18/2020,Preexist,Yes,3675,
6/18/2020,Preexist,No,66,
6/18/2020,Preexist,Unknown,4029,
6/19/2020,Sex,Male,3662,
6/19/2020,Sex,Female,4137,
6/19/2020,Hosp,Yes,4267,
6/19/2020,Hosp,No,1028,
6/19/2020,Hosp,Unknown,2505,
6/19/2020,Preexist,Yes,3687,
6/19/2020,Preexist,No,66,
6/19/2020,Preexist,Unknown,4047,
6/20/2020,Sex,Male,3676,
6/20/2020,Sex,Female,4151,
6/20/2020,Hosp,Yes,4284,
6/20/2020,Hosp,No,1033,
6/20/2020,Hosp,Unknown,2511,
6/20/2020,Preexist,Yes,3705,
6/20/2020,Preexist,No,66,
6/20/2020,Preexist,Unknown,4057,
6/21/2020,Sex,Male,3687,
6/21/2020,Sex,Female,4170,
6/21/2020,Hosp,Yes,4295,
6/21/2020,Hosp,No,1040,
6/21/2020,Hosp,Unknown,2523,
6/21/2020,Preexist,Yes,3716,
6/21/2020,Preexist,No,66,
6/21/2020,Preexist,Unknown,4076,
6/22/2020,Sex,Male,3695,
6/22/2020,Sex,Female,4178,
6/22/2020,Hosp,Yes,4302,
6/22/2020,Hosp,No,1041,
6/22/2020,Hosp,Unknown,2531,
6/22/2020,Preexist,Yes,3722,
6/22/2020,Preexist,No,66,
6/22/2020,Preexist,Unknown,4086,
6/23/2020,Sex,Male,3699,
6/23/2020,Sex,Female,4190,
6/23/2020,Hosp,Yes,4318,
6/23/2020,Hosp,No,1048,
6/23/2020,Hosp,Unknown,2524,
6/23/2020,Preexist,Yes,3742,
6/23/2020,Preexist,No,66,
6/23/2020,Preexist,Unknown,4082,
6/24/2020,Sex,Male,3712,
6/24/2020,Sex,Female,4225,
6/24/2020,Hosp,Yes,4342,
6/24/2020,Hosp,No,1053,
6/24/2020,Hosp,Unknown,2543,
6/24/2020,Preexist,Yes,3769,
6/24/2020,Preexist,No,66,
6/24/2020,Preexist,Unknown,4103,
6/25/2020,Sex,Male,3720,
6/25/2020,Sex,Female,4242,
6/25/2020,Hosp,Yes,4354,
6/25/2020,Hosp,No,1070,
6/25/2020,Hosp,Unknown,2539,
6/25/2020,Preexist,Yes,3813,
6/25/2020,Preexist,No,67,
6/25/2020,Preexist,Unknown,4083,
6/26/2020,Sex,Male,3742,
6/26/2020,Sex,Female,4269,
6/26/2020,Hosp,Yes,4370,
6/26/2020,Hosp,No,1083,
6/26/2020,Hosp,Unknown,2560,
6/26/2020,Preexist,Yes,3834,
6/26/2020,Preexist,No,68,
6/26/2020,Preexist,Unknown,4111,
6/27/2020,Sex,Male,3750,
6/27/2020,Sex,Female,4290,
6/27/2020,Hosp,Yes,4383,
6/27/2020,Hosp,No,1085,
6/27/2020,Hosp,Unknown,2573,
6/27/2020,Preexist,Yes,3857,
6/27/2020,Preexist,No,68,
6/27/2020,Preexist,Unknown,4116,
6/28/2020,Sex,Male,3760,
6/28/2020,Sex,Female,4299,
6/28/2020,Hosp,Yes,4388,
6/28/2020,Hosp,No,1088,
6/28/2020,Hosp,Unknown,2584,
6/28/2020,Preexist,Yes,3866,
6/28/2020,Preexist,No,69,
6/28/2020,Preexist,Unknown,4125,
6/29/2020,Sex,Male,3773,
6/29/2020,Sex,Female,4321,
6/29/2020,Hosp,Yes,4405,
6/29/2020,Hosp,No,1103,
6/29/2020,Hosp,Unknown,2587,
6/29/2020,Preexist,Yes,3881,
6/29/2020,Preexist,No,69,
6/29/2020,Preexist,Unknown,4145,
6/30/2020,Sex,Male,3752,
6/30/2020,Sex,Female,4301,
6/30/2020,Hosp,Yes,4373,
6/30/2020,Hosp,No,1112,
6/30/2020,Hosp,Unknown,2569,
6/30/2020,Preexist,Yes,3878,
6/30/2020,Preexist,No,69,
6/30/2020,Preexist,Unknown,4107,
7/1/2020,Sex,Male,3753,
7/1/2020,Sex,Female,4326,
7/1/2020,Hosp,Yes,4375,
7/1/2020,Hosp,No,1142,
7/1/2020,Hosp,Unknown,2564,
7/1/2020,Preexist,Yes,3907,
7/1/2020,Preexist,No,69,
7/1/2020,Preexist,Unknown,4105,
7/2/2020,Sex,Male,3779,
7/2/2020,Sex,Female,4351,
7/2/2020,Hosp,Yes,4393,
7/2/2020,Hosp,No,1149,
7/2/2020,Hosp,Unknown,2590,
7/2/2020,Preexist,Yes,3948,
7/2/2020,Preexist,No,71,
7/2/2020,Preexist,Unknown,4113,
7/3/2020,Sex,Male,3784,
7/3/2020,Sex,Female,4364,
7/3/2020,Hosp,Yes,4403,
7/3/2020,Hosp,No,1164,
7/3/2020,Hosp,Unknown,2582,
7/3/2020,Preexist,Yes,3961,
7/3/2020,Preexist,No,72,
7/3/2020,Preexist,Unknown,4116,
7/4/2020,Sex,Male,3796,
7/4/2020,Sex,Female,4375,
7/4/2020,Hosp,Yes,4422,
7/4/2020,Hosp,No,1165,
7/4/2020,Hosp,Unknown,2585,
7/4/2020,Preexist,Yes,3981,
7/4/2020,Preexist,No,71,
7/4/2020,Preexist,Unknown,4120,
7/5/2020,Sex,Male,3804,
7/5/2020,Sex,Female,4378,
7/5/2020,Hosp,Yes,4424,
7/5/2020,Hosp,No,1169,
7/5/2020,Hosp,Unknown,2590,
7/5/2020,Preexist,Yes,3985,
7/5/2020,Preexist,No,71,
7/5/2020,Preexist,Unknown,4127,
7/6/2020,Sex,Male,3812,
7/6/2020,Sex,Female,4385,
7/6/2020,Hosp,Yes,4430,
7/6/2020,Hosp,No,1173,
7/6/2020,Hosp,Unknown,2595,
7/6/2020,Preexist,Yes,3992,
7/6/2020,Preexist,No,71,
7/6/2020,Preexist,Unknown,4135,
7/7/2020,Sex,Male,3816,
7/7/2020,Sex,Female,4395,
7/7/2020,Hosp,Yes,4437,
7/7/2020,Hosp,No,1177,
7/7/2020,Hosp,Unknown,2599,
7/7/2020,Preexist,Yes,4002,
7/7/2020,Preexist,No,72,
7/7/2020,Preexist,Unknown,4139,
7/8/2020,Sex,Male,3832,
7/8/2020,Sex,Female,4410,
7/8/2020,Hosp,Yes,4448,
7/8/2020,Hosp,No,1182,
7/8/2020,Hosp,Unknown,2613,
7/8/2020,Preexist,Yes,4011,
7/8/2020,Preexist,No,72,
7/8/2020,Preexist,Unknown,4160,
7/9/2020,Sex,Male,3839,
7/9/2020,Sex,Female,4428,
7/9/2020,Hosp,Yes,4460,
7/9/2020,Hosp,No,1192,
7/9/2020,Hosp,Unknown,2616,
7/9/2020,Preexist,Yes,4042,
7/9/2020,Preexist,No,72,
7/9/2020,Preexist,Unknown,4154,
7/10/2020,Sex,Male,3851,
7/10/2020,Sex,Female,4444,
7/10/2020,Hosp,Yes,4474,
7/10/2020,Hosp,No,1197,
7/10/2020,Hosp,Unknown,2625,
7/10/2020,Preexist,Yes,4050,
7/10/2020,Preexist,No,73,
7/10/2020,Preexist,Unknown,4173,
7/11/2020,Sex,Male,3853,
7/11/2020,Sex,Female,4456,
7/11/2020,Hosp,Yes,4482,
7/11/2020,Hosp,No,1203,
7/11/2020,Hosp,Unknown,2625,
7/11/2020,Preexist,Yes,4056,
7/11/2020,Preexist,No,73,
7/11/2020,Preexist,Unknown,4181,
7/12/2020,Sex,Male,3857,
7/12/2020,Sex,Female,4467,
7/12/2020,Hosp,Yes,4487,
7/12/2020,Hosp,No,1206,
7/12/2020,Hosp,Unknown,2632,
7/12/2020,Preexist,Yes,4070,
7/12/2020,Preexist,No,73,
7/12/2020,Preexist,Unknown,4182,
7/13/2020,Sex,Male,3860,
7/13/2020,Sex,Female,4468,
7/13/2020,Hosp,Yes,4489,
7/13/2020,Hosp,No,1217,
7/13/2020,Hosp,Unknown,2624,
7/13/2020,Preexist,Yes,4071,
7/13/2020,Preexist,No,73,
7/13/2020,Preexist,Unknown,4186,
7/14/2020,Sex,Male,3867,
7/14/2020,Sex,Female,4471,
7/14/2020,Hosp,Yes,4493,
7/14/2020,Hosp,No,1223,
7/14/2020,Hosp,Unknown,2624,
7/14/2020,Preexist,Yes,4077,
7/14/2020,Preexist,No,73,
7/14/2020,Preexist,Unknown,4190,
7/15/2020,Sex,Male,3877,
7/15/2020,Sex,Female,4489,
7/15/2020,Hosp,Yes,4502,
7/15/2020,Hosp,No,1238,
7/15/2020,Hosp,Unknown,2628,
7/15/2020,Preexist,Yes,4094,
7/15/2020,Preexist,No,74,
7/15/2020,Preexist,Unknown,4200,
7/16/2020,Sex,Male,3882,
7/16/2020,Sex,Female,4496,
7/16/2020,Hosp,Yes,4509,
7/16/2020,Hosp,No,1239,
7/16/2020,Hosp,Unknown,2632,
7/16/2020,Preexist,Yes,4101,
7/16/2020,Preexist,No,74,
7/16/2020,Preexist,Unknown,4205,
7/17/2020,Sex,Male,3893,
7/17/2020,Sex,Female,4506,
7/17/2020,Hosp,Yes,4520,
7/17/2020,Hosp,No,1247,
7/17/2020,Hosp,Unknown,2635,
7/17/2020,Preexist,Yes,4117,
7/17/2020,Preexist,No,75,
7/17/2020,Preexist,Unknown,4210,
7/18/2020,Sex,Male,3896,
7/18/2020,Sex,Female,4520,
7/18/2020,Hosp,Yes,4523,
7/18/2020,Hosp,No,1259,
7/18/2020,Hosp,Unknown,2637,
7/18/2020,Preexist,Yes,4122,
7/18/2020,Preexist,No,75,
7/18/2020,Preexist,Unknown,4222,
7/19/2020,Sex,Male,3899,
7/19/2020,Sex,Female,4529,
7/19/2020,Hosp,Yes,4530,
7/19/2020,Hosp,No,1261,
7/19/2020,Hosp,Unknown,2640,
7/19/2020,Preexist,Yes,4131,
7/19/2020,Preexist,No,75,
7/19/2020,Preexist,Unknown,4225,
7/20/2020,Sex,Male,3900,
7/20/2020,Sex,Female,4530,
7/20/2020,Hosp,Yes,4531,
7/20/2020,Hosp,No,1262,
7/20/2020,Hosp,Unknown,2640,
7/20/2020,Preexist,Yes,4133,
7/20/2020,Preexist,No,75,
7/20/2020,Preexist,Unknown,4225,
7/21/2020,Sex,Male,3907,
7/21/2020,Sex,Female,4540,
7/21/2020,Hosp,Yes,4545,
7/21/2020,Hosp,No,1271,
7/21/2020,Hosp,Unknown,2634,
7/21/2020,Preexist,Yes,4145,
7/21/2020,Preexist,No,75,
7/21/2020,Preexist,Unknown,4230,
7/22/2020,Sex,Male,3914,
7/22/2020,Sex,Female,4552,
7/22/2020,Hosp,Yes,4557,
7/22/2020,Hosp,No,1279,
7/22/2020,Hosp,Unknown,2632,
7/22/2020,Preexist,Yes,4160,
7/22/2020,Preexist,No,75,
7/22/2020,Preexist,Unknown,4233,
7/23/2020,Sex,Male,3919,
7/23/2020,Sex,Female,4563,
7/23/2020,Hosp,Yes,4562,
7/23/2020,Hosp,No,1281,
7/23/2020,Hosp,Unknown,2641,
7/23/2020,Preexist,Yes,4175,
7/23/2020,Preexist,No,75,
7/23/2020,Preexist,Unknown,4234,
7/24/2020,Sex,Male,3925,
7/24/2020,Sex,Female,4571,
7/24/2020,Hosp,Yes,4568,
7/24/2020,Hosp,No,1297,
7/24/2020,Hosp,Unknown,2633,
7/24/2020,Preexist,Yes,4180,
7/24/2020,Preexist,No,75,
7/24/2020,Preexist,Unknown,4243,
7/25/2020,Sex,Male,3930,
7/25/2020,Sex,Female,4578,
7/25/2020,Hosp,Yes,4583,
7/25/2020,Hosp,No,1298,
7/25/2020,Hosp,Unknown,2629,
7/25/2020,Preexist,Yes,4192,
7/25/2020,Preexist,No,75,
7/25/2020,Preexist,Unknown,4243,
7/26/2020,Sex,Male,3936,
7/26/2020,Sex,Female,4591,
7/26/2020,Hosp,Yes,4591,
7/26/2020,Hosp,No,1305,
7/26/2020,Hosp,Unknown,2633,
7/26/2020,Preexist,Yes,4207,
7/26/2020,Preexist,No,76,
7/26/2020,Preexist,Unknown,4246,
7/27/2020,Sex,Male,3940,
7/27/2020,Sex,Female,4594,
7/27/2020,Hosp,Yes,4593,
7/27/2020,Hosp,No,1312,
7/27/2020,Hosp,Unknown,2631,
7/27/2020,Preexist,Yes,4210,
7/27/2020,Preexist,No,76,
7/27/2020,Preexist,Unknown,4250,
7/28/2020,Sex,Male,3948,
7/28/2020,Sex,Female,4601,
7/28/2020,Hosp,Yes,4602,
7/28/2020,Hosp,No,1322,
7/28/2020,Hosp,Unknown,2627,
7/28/2020,Preexist,Yes,4221,
7/28/2020,Preexist,No,76,
7/28/2020,Preexist,Unknown,4254,
7/29/2020,Sex,Male,3964,
7/29/2020,Sex,Female,4614,
7/29/2020,Hosp,Yes,4612,
7/29/2020,Hosp,No,1341,
7/29/2020,Hosp,Unknown,2627,
7/29/2020,Preexist,Yes,4267,
7/29/2020,Preexist,No,76,
7/29/2020,Preexist,Unknown,4237,
7/30/2020,Sex,Male,3975,
7/30/2020,Sex,Female,4618,
7/30/2020,Hosp,Yes,4622,
7/30/2020,Hosp,No,1349,
7/30/2020,Hosp,Unknown,2624,
7/30/2020,Preexist,Yes,4245,
7/30/2020,Preexist,No,77,
7/30/2020,Preexist,Unknown,4273,
7/31/2020,Sex,Male,3980,
7/31/2020,Sex,Female,4627,
7/31/2020,Hosp,Yes,4627,
7/31/2020,Hosp,No,1359,
7/31/2020,Hosp,Unknown,2623,
7/31/2020,Preexist,Yes,4264,
7/31/2020,Preexist,No,76,
7/31/2020,Preexist,Unknown,4269,
8/1/2020,Sex,Male,3986,
8/1/2020,Sex,Female,4638,
8/1/2020,Hosp,Yes,4637,
8/1/2020,Hosp,No,1362,
8/1/2020,Hosp,Unknown,2627,
8/1/2020,Preexist,Yes,4279,
8/1/2020,Preexist,No,78,
8/1/2020,Preexist,Unknown,4269,
8/2/2020,Sex,Male,3991,
8/2/2020,Sex,Female,4645,
8/2/2020,Hosp,Yes,4640,
8/2/2020,Hosp,No,1362,
8/2/2020,Hosp,Unknown,2636,
8/2/2020,Preexist,Yes,4286,
8/2/2020,Preexist,No,78,
8/2/2020,Preexist,Unknown,4274,
8/3/2020,Sex,Male,3996,
8/3/2020,Sex,Female,4650,
8/3/2020,Hosp,Yes,4648,
8/3/2020,Hosp,No,1363,
8/3/2020,Hosp,Unknown,2637,
8/3/2020,Preexist,Yes,4289,
8/3/2020,Preexist,No,79,
8/3/2020,Preexist,Unknown,4280,
8/4/2020,Sex,Male,3997,
8/4/2020,Sex,Female,4658,
8/4/2020,Hosp,Yes,4655,
8/4/2020,Hosp,No,1364,
8/4/2020,Hosp,Unknown,2638,
8/4/2020,Preexist,Yes,4295,
8/4/2020,Preexist,No,79,
8/4/2020,Preexist,Unknown,4283,
8/5/2020,Sex,Male,3997,
8/5/2020,Sex,Female,4660,
8/5/2020,Hosp,Yes,4658,
8/5/2020,Hosp,No,1367,
8/5/2020,Hosp,Unknown,2634,
8/5/2020,Preexist,Yes,4299,
8/5/2020,Preexist,No,79,
8/5/2020,Preexist,Unknown,4281,
8/6/2020,Sex,Male,4010,
8/6/2020,Sex,Female,4679,
8/6/2020,Hosp,Yes,4668,
8/6/2020,Hosp,No,1376,
8/6/2020,Hosp,Unknown,2647,
8/6/2020,Preexist,Yes,4317,
8/6/2020,Preexist,No,80,
8/6/2020,Preexist,Unknown,4294,
8/7/2020,Sex,Male,4019,
8/7/2020,Sex,Female,4688,
8/7/2020,Hosp,Yes,4674,
8/7/2020,Hosp,No,1386,
8/7/2020,Hosp,Unknown,2649,
8/7/2020,Preexist,Yes,4340,
8/7/2020,Preexist,No,79,
8/7/2020,Preexist,Unknown,4290,
8/8/2020,Sex,Male,4026,
8/8/2020,Sex,Female,4693,
8/8/2020,Hosp,Yes,4686,
8/8/2020,Hosp,No,1386,
8/8/2020,Hosp,Unknown,2649,
8/8/2020,Preexist,Yes,4354,
8/8/2020,Preexist,No,79,
8/8/2020,Preexist,Unknown,4288,
8/9/2020,Sex,Male,4029,
8/9/2020,Sex,Female,4704,
8/9/2020,Hosp,Yes,4690,
8/9/2020,Hosp,No,1389,
8/9/2020,Hosp,Unknown,2656,
8/9/2020,Preexist,Yes,4361,
8/9/2020,Preexist,No,79,
8/9/2020,Preexist,Unknown,4295,
8/10/2020,Sex,Male,4034,
8/10/2020,Sex,Female,4705,
8/10/2020,Hosp,Yes,4694,
8/10/2020,Hosp,No,1390,
8/10/2020,Hosp,Unknown,2657,
8/10/2020,Preexist,Yes,4364,
8/10/2020,Preexist,No,79,
8/10/2020,Preexist,Unknown,4298,
8/11/2020,Sex,Male,4038,
8/11/2020,Sex,Female,4711,
8/11/2020,Hosp,Yes,4698,
8/11/2020,Hosp,No,1394,
8/11/2020,Hosp,Unknown,2659,
8/11/2020,Preexist,Yes,4370,
8/11/2020,Preexist,No,80,
8/11/2020,Preexist,Unknown,4301,
8/12/2020,Sex,Male,4045,
8/12/2020,Sex,Female,4722,
8/12/2020,Hosp,Yes,4702,
8/12/2020,Hosp,No,1395,
8/12/2020,Hosp,Unknown,2672,
8/12/2020,Preexist,Yes,4378,
8/12/2020,Preexist,No,79,
8/12/2020,Preexist,Unknown,4312,
8/13/2020,Sex,Male,4052,
8/13/2020,Sex,Female,4736,
8/13/2020,Hosp,Yes,4709,
8/13/2020,Hosp,No,1400,
8/13/2020,Hosp,Unknown,2681,
8/13/2020,Preexist,Yes,4400,
8/13/2020,Preexist,No,79,
8/13/2020,Preexist,Unknown,4311,
8/14/2020,Sex,Male,4057,
8/14/2020,Sex,Female,4751,
8/14/2020,Hosp,Yes,4715,
8/14/2020,Hosp,No,1402,
8/14/2020,Hosp,Unknown,2693,
8/14/2020,Preexist,Yes,4402,
8/14/2020,Preexist,No,79,
8/14/2020,Preexist,Unknown,4329,
8/15/2020,Sex,Male,4061,
8/15/2020,Sex,Female,4763,
8/15/2020,Hosp,Yes,4722,
8/15/2020,Hosp,No,1405,
8/15/2020,Hosp,Unknown,2699,
8/15/2020,Preexist,Yes,4409,
8/15/2020,Preexist,No,79,
8/15/2020,Preexist,Unknown,4338,
8/16/2020,Sex,Male,4066,
8/16/2020,Sex,Female,4770,
8/16/2020,Hosp,Yes,4726,
8/16/2020,Hosp,No,1407,
8/16/2020,Hosp,Unknown,2705,
8/16/2020,Preexist,Yes,4416,
8/16/2020,Preexist,No,79,
8/16/2020,Preexist,Unknown,4343,
8/17/2020,Sex,Male,4067,
8/17/2020,Sex,Female,4773,
8/17/2020,Hosp,Yes,4728,
8/17/2020,Hosp,No,1407,
8/17/2020,Hosp,Unknown,2707,
8/17/2020,Preexist,Yes,4418,
8/17/2020,Preexist,No,79,
8/17/2020,Preexist,Unknown,4345,
8/18/2020,Sex,Male,4069,
8/18/2020,Sex,Female,4777,
8/18/2020,Hosp,Yes,4732,
8/18/2020,Hosp,No,1407,
8/18/2020,Hosp,Unknown,2709,
8/18/2020,Preexist,Yes,4424,
8/18/2020,Preexist,No,79,
8/18/2020,Preexist,Unknown,4345,
8/19/2020,Sex,Male,4082,
8/19/2020,Sex,Female,4792,
8/19/2020,Hosp,Yes,4743,
8/19/2020,Hosp,No,1414,
8/19/2020,Hosp,Unknown,2719,
8/19/2020,Preexist,Yes,4445,
8/19/2020,Preexist,No,79,
8/19/2020,Preexist,Unknown,4352,
8/20/2020,Sex,Male,4085,
8/20/2020,Sex,Female,4801,
8/20/2020,Hosp,Yes,4750,
8/20/2020,Hosp,No,1418,
8/20/2020,Hosp,Unknown,2720,
8/20/2020,Preexist,Yes,4456,
8/20/2020,Preexist,No,79,
8/20/2020,Preexist,Unknown,4353,
8/21/2020,Sex,Male,4092,
8/21/2020,Sex,Female,4807,
8/21/2020,Hosp,Yes,4757,
8/21/2020,Hosp,No,1420,
8/21/2020,Hosp,Unknown,2724,
8/21/2020,Preexist,Yes,4464,
8/21/2020,Preexist,No,80,
8/21/2020,Preexist,Unknown,4357,
8/22/2020,Sex,Male,4100,
8/22/2020,Sex,Female,4819,
8/22/2020,Hosp,Yes,4765,
8/22/2020,Hosp,No,1425,
8/22/2020,Hosp,Unknown,2731,
8/22/2020,Preexist,Yes,4476,
8/22/2020,Preexist,No,80,
8/22/2020,Preexist,Unknown,4365,
8/24/2020,Sex,Male,4119,
8/24/2020,Sex,Female,4828,
8/24/2020,Hosp,Yes,4778,
8/24/2020,Hosp,No,1429,
8/24/2020,Hosp,Unknown,2742,
8/24/2020,Preexist,Yes,4489,
8/24/2020,Preexist,No,81,
8/24/2020,Preexist,Unknown,4379,
8/25/2020,Sex,Male,4124,
8/25/2020,Sex,Female,4835,
8/25/2020,Hosp,Yes,4784,
8/25/2020,Hosp,No,1430,
8/25/2020,Hosp,Unknown,2747,
8/25/2020,Preexist,Yes,4497,
8/25/2020,Preexist,No,81,
8/25/2020,Preexist,Unknown,4383,
8/26/2020,Sex,Male,4138,
8/26/2020,Sex,Female,4847,
8/26/2020,Hosp,Yes,4794,
8/26/2020,Hosp,No,1439,
8/26/2020,Hosp,Unknown,2754,
8/26/2020,Preexist,Yes,4515,
8/26/2020,Preexist,No,81,
8/26/2020,Preexist,Unknown,4391,
8/27/2020,Sex,Male,4143,
8/27/2020,Sex,Female,4863,
8/27/2020,Hosp,Yes,4799,
8/27/2020,Hosp,No,1446,
8/27/2020,Hosp,Unknown,2763,
8/27/2020,Preexist,Yes,4532,
8/27/2020,Preexist,No,81,
8/27/2020,Preexist,Unknown,4395,
8/28/2020,Sex,Male,4149,
8/28/2020,Sex,Female,4873,
8/28/2020,Hosp,Yes,4804,
8/28/2020,Hosp,No,1449,
8/28/2020,Hosp,Unknown,2771,
8/28/2020,Preexist,Yes,4538,
8/28/2020,Preexist,No,82,
8/28/2020,Preexist,Unknown,4404,
8/29/2020,Sex,Male,4155,
8/29/2020,Sex,Female,4879,
8/29/2020,Hosp,Yes,4809,
8/29/2020,Hosp,No,1453,
8/29/2020,Hosp,Unknown,2774,
8/29/2020,Preexist,Yes,4551,
8/29/2020,Preexist,No,82,
8/29/2020,Preexist,Unknown,4403,
8/30/2020,Sex,Male,4161,
8/30/2020,Sex,Female,4885,
8/30/2020,Hosp,Yes,4817,
8/30/2020,Hosp,No,1454,
8/30/2020,Hosp,Unknown,2778,
8/30/2020,Preexist,Yes,4559,
8/30/2020,Preexist,No,82,
8/30/2020,Preexist,Unknown,4408,
8/31/2020,Sex,Male,4169,
8/31/2020,Sex,Female,4888,
8/31/2020,Hosp,Yes,4820,
8/31/2020,Hosp,No,1455,
8/31/2020,Hosp,Unknown,2785,
8/31/2020,Preexist,Yes,4562,
8/31/2020,Preexist,No,82,
8/31/2020,Preexist,Unknown,4416,
9/1/2020,Sex,Male,4170,
9/1/2020,Sex,Female,4891,
9/1/2020,Hosp,Yes,4826,
9/1/2020,Hosp,No,1456,
9/1/2020,Hosp,Unknown,2782,
9/1/2020,Preexist,Yes,4569,
9/1/2020,Preexist,No,82,
9/1/2020,Preexist,Unknown,4413,
,***PROBABLE CASE DEFINITION CHANGED STARTING 9/2; PLEASE REFER TO THE POSTED DASHBOARD'S GLOSSARY FOR DEFINITION***,,,
9/2/2020,Sex,Male,4163,
9/2/2020,Sex,Female,4894,
9/2/2020,Hosp,Yes,4820,
9/2/2020,Hosp,No,1460,
9/2/2020,Hosp,Unknown,2780,
9/2/2020,Preexist,Yes,4558,
9/2/2020,Preexist,No,81,
9/2/2020,Preexist,Unknown,4421,
9/3/2020,Sex,Male,4170,
9/3/2020,Sex,Female,4904,
9/3/2020,Hosp,Yes,4829,
9/3/2020,Hosp,No,1465,
9/3/2020,Hosp,Unknown,2783,
9/3/2020,Preexist,Yes,4579,
9/3/2020,Preexist,No,81,
9/3/2020,Preexist,Unknown,4417,
9/4/2020,Sex,Male,4178,
9/4/2020,Sex,Female,4921,
9/4/2020,Hosp,Yes,4838,
9/4/2020,Hosp,No,1470,
9/4/2020,Hosp,Unknown,2792,
9/4/2020,Preexist,Yes,4591,
9/4/2020,Preexist,No,81,
9/4/2020,Preexist,Unknown,4428,
9/5/2020,Sex,Male,4183,
9/5/2020,Sex,Female,4932,
9/5/2020,Hosp,Yes,4844,
9/5/2020,Hosp,No,1474,
9/5/2020,Hosp,Unknown,2798,
9/5/2020,Preexist,Yes,4603,
9/5/2020,Preexist,No,81,
9/5/2020,Preexist,Unknown,4432,
9/6/2020,Sex,Male,4187,
9/6/2020,Sex,Female,4937,
9/6/2020,Hosp,Yes,4847,
9/6/2020,Hosp,No,1477,
9/6/2020,Hosp,Unknown,2801,
9/6/2020,Preexist,Yes,4610,
9/6/2020,Preexist,No,81,
9/6/2020,Preexist,Unknown,4434,
9/7/2020,Sex,Male,4192,
9/7/2020,Sex,Female,4940,
9/7/2020,Hosp,Yes,4854,
9/7/2020,Hosp,No,1477,
9/7/2020,Hosp,Unknown,2802,
9/7/2020,Preexist,Yes,4617,
9/7/2020,Preexist,No,81,
9/7/2020,Preexist,Unknown,4435,
9/8/2020,Sex,Male,4196,
9/8/2020,Sex,Female,4944,
9/8/2020,Hosp,Yes,4860,
9/8/2020,Hosp,No,1477,
9/8/2020,Hosp,Unknown,2804,
9/8/2020,Preexist,Yes,4626,
9/8/2020,Preexist,No,81,
9/8/2020,Preexist,Unknown,4434,
9/9/2020,Sex,Male,4200,
9/9/2020,Sex,Female,4945,
9/9/2020,Hosp,Yes,4864,
9/9/2020,Hosp,No,1477,
9/9/2020,Hosp,Unknown,2805,
9/9/2020,Preexist,Yes,4628,
9/9/2020,Preexist,No,81,
9/9/2020,Preexist,Unknown,4437,
9/10/2020,Sex,Male,4205,
9/10/2020,Sex,Female,4959,
9/10/2020,Hosp,Yes,4871,
9/10/2020,Hosp,No,1483,
9/10/2020,Hosp,Unknown,2812,
9/10/2020,Preexist,Yes,4640,
9/10/2020,Preexist,No,82,
9/10/2020,Preexist,Unknown,4444,
9/11/2020,Sex,Male,4214,
9/11/2020,Sex,Female,4964,
9/11/2020,Hosp,Yes,4875,
9/11/2020,Hosp,No,1486,
9/11/2020,Hosp,Unknown,2819,
9/11/2020,Preexist,Yes,4644,
9/11/2020,Preexist,No,82,
9/11/2020,Preexist,Unknown,4454,
9/12/2020,Sex,Male,4222,
9/12/2020,Sex,Female,4972,
9/12/2020,Hosp,Yes,4882,
9/12/2020,Hosp,No,1493,
9/12/2020,Hosp,Unknown,2821,
9/12/2020,Preexist,Yes,4654,
9/12/2020,Preexist,No,83,
9/12/2020,Preexist,Unknown,4459,
9/13/2020,Sex,Male,4232,
9/13/2020,Sex,Female,4976,
9/13/2020,Hosp,Yes,4890,
9/13/2020,Hosp,No,1495,
9/13/2020,Hosp,Unknown,2825,
9/13/2020,Preexist,Yes,4665,
9/13/2020,Preexist,No,85,
9/13/2020,Preexist,Unknown,4460,
9/14/2020,Sex,Male,4237,
9/14/2020,Sex,Female,4980,
9/14/2020,Hosp,Yes,4897,
9/14/2020,Hosp,No,1494,
9/14/2020,Hosp,Unknown,2828,
9/14/2020,Preexist,Yes,4671,
9/14/2020,Preexist,No,85,
9/14/2020,Preexist,Unknown,4463,
9/15/2020,Sex,Male,4239,
9/15/2020,Sex,Female,4984,
9/15/2020,Hosp,Yes,4900,
9/15/2020,Hosp,No,1495,
9/15/2020,Hosp,Unknown,2830,
9/15/2020,Preexist,Yes,4679,
9/15/2020,Preexist,No,85,
9/15/2020,Preexist,Unknown,4461,
9/16/2020,Sex,Male,4252,
9/16/2020,Sex,Female,4991,
9/16/2020,Hosp,Yes,4907,
9/16/2020,Hosp,No,1501,
9/16/2020,Hosp,Unknown,2837,
9/16/2020,Preexist,Yes,4687,
9/16/2020,Preexist,No,86,
9/16/2020,Preexist,Unknown,4472,
9/17/2020,Sex,Male,4255,
9/17/2020,Sex,Female,5003,
9/17/2020,Hosp,Yes,4912,
9/17/2020,Hosp,No,1503,
9/17/2020,Hosp,Unknown,2845,
9/17/2020,Preexist,Yes,4696,
9/17/2020,Preexist,No,86,
9/17/2020,Preexist,Unknown,4478,
9/18/2020,Sex,Male,4261,
9/18/2020,Sex,Female,5006,
9/18/2020,Hosp,Yes,4917,
9/18/2020,Hosp,No,1505,
9/18/2020,Hosp,Unknown,2847,
9/18/2020,Preexist,Yes,4700,
9/18/2020,Preexist,No,86,
9/18/2020,Preexist,Unknown,4483,
9/19/2020,Sex,Male,4266,
9/19/2020,Sex,Female,5027,
9/19/2020,Hosp,Yes,4929,
9/19/2020,Hosp,No,1508,
9/19/2020,Hosp,Unknown,2858,
9/19/2020,Preexist,Yes,4720,
9/19/2020,Preexist,No,86,
9/19/2020,Preexist,Unknown,4489,
9/20/2020,Sex,Male,4269,
9/20/2020,Sex,Female,5039,
9/20/2020,Hosp,Yes,4934,
9/20/2020,Hosp,No,1513,
9/20/2020,Hosp,Unknown,2863,
9/20/2020,Preexist,Yes,4728,
9/20/2020,Preexist,No,86,
9/20/2020,Preexist,Unknown,4496,
9/21/2020,Sex,Male,4269,
9/21/2020,Sex,Female,5046,
9/21/2020,Hosp,Yes,4936,
9/21/2020,Hosp,No,1516,
9/21/2020,Hosp,Unknown,2865,
9/21/2020,Preexist,Yes,4728,
9/21/2020,Preexist,No,86,
9/21/2020,Preexist,Unknown,4503,
9/22/2020,Sex,Male,4275,
9/22/2020,Sex,Female,5051,
9/22/2020,Hosp,Yes,4944,
9/22/2020,Hosp,No,1518,
9/22/2020,Hosp,Unknown,2866,
9/22/2020,Preexist,Yes,4733,
9/22/2020,Preexist,No,86,
9/22/2020,Preexist,Unknown,4509,
9/23/2020,Sex,Male,4287,
9/23/2020,Sex,Female,5058,
9/23/2020,Hosp,Yes,4951,
9/23/2020,Hosp,No,1522,
9/23/2020,Hosp,Unknown,2874,
9/23/2020,Preexist,Yes,4747,
9/23/2020,Preexist,No,86,
9/23/2020,Preexist,Unknown,4514,
9/24/2020,Sex,Male,4291,
9/24/2020,Sex,Female,5069,
9/24/2020,Hosp,Yes,4957,
9/24/2020,Hosp,No,1523,
9/24/2020,Hosp,Unknown,2882,
9/24/2020,Preexist,Yes,4760,
9/24/2020,Preexist,No,86,
9/24/2020,Preexist,Unknown,4516,
9/25/2020,Sex,Male,4295,
9/25/2020,Sex,Female,5076,
9/25/2020,Hosp,Yes,4959,
9/25/2020,Hosp,No,1525,
9/25/2020,Hosp,Unknown,2889,
9/25/2020,Preexist,Yes,4764,
9/25/2020,Preexist,No,86,
9/25/2020,Preexist,Unknown,4523,
9/26/2020,Sex,Male,4306,
9/26/2020,Sex,Female,5083,
9/26/2020,Hosp,Yes,4969,
9/26/2020,Hosp,No,1529,
9/26/2020,Hosp,Unknown,2893,
9/26/2020,Preexist,Yes,4781,
9/26/2020,Preexist,No,87,
9/26/2020,Preexist,Unknown,4523,
9/27/2020,Sex,Male,4311,
9/27/2020,Sex,Female,5091,
9/27/2020,Hosp,Yes,4977,
9/27/2020,Hosp,No,1530,
9/27/2020,Hosp,Unknown,2897,
9/27/2020,Preexist,Yes,4790,
9/27/2020,Preexist,No,87,
9/27/2020,Preexist,Unknown,4527,
9/28/2020,Sex,Male,4315,
9/28/2020,Sex,Female,5098,
9/28/2020,Hosp,Yes,4983,
9/28/2020,Hosp,No,1532,
9/28/2020,Hosp,Unknown,2900,
9/28/2020,Preexist,Yes,4794,
9/28/2020,Preexist,No,88,
9/28/2020,Preexist,Unknown,4533,
9/29/2020,Sex,Male,4318,
9/29/2020,Sex,Female,5103,
9/29/2020,Hosp,Yes,4985,
9/29/2020,Hosp,No,1543,
9/29/2020,Hosp,Unknown,2895,
9/29/2020,Preexist,Yes,4796,
9/29/2020,Preexist,No,88,
9/29/2020,Preexist,Unknown,4539,
9/30/2020,Sex,Male,4333,
9/30/2020,Sex,Female,5120,
9/30/2020,Hosp,Yes,4995,
9/30/2020,Hosp,No,1550,
9/30/2020,Hosp,Unknown,2911,
9/30/2020,Preexist,Yes,4807,
9/30/2020,Preexist,No,88,
9/30/2020,Preexist,Unknown,4561,
10/1/2020,Sex,Male,4348,
10/1/2020,Sex,Female,5129,
10/1/2020,Hosp,Yes,5006,
10/1/2020,Hosp,No,1552,
10/1/2020,Hosp,Unknown,2922,
10/1/2020,Preexist,Yes,4827,
10/1/2020,Preexist,No,89,
10/1/2020,Preexist,Unknown,4564,
10/2/2020,Sex,Male,4353,
10/2/2020,Sex,Female,5134,
10/2/2020,Hosp,Yes,5011,
10/2/2020,Hosp,No,1555,
10/2/2020,Hosp,Unknown,2924,
10/2/2020,Preexist,Yes,4832,
10/2/2020,Preexist,No,89,
10/2/2020,Preexist,Unknown,4569,
10/3/2020,Sex,Male,4360,
10/3/2020,Sex,Female,5143,
10/3/2020,Hosp,Yes,5018,
10/3/2020,Hosp,No,1556,
10/3/2020,Hosp,Unknown,2933,
10/3/2020,Preexist,Yes,4842,
10/3/2020,Preexist,No,89,
10/3/2020,Preexist,Unknown,4576,
10/4/2020,Sex,Male,4361,
10/4/2020,Sex,Female,5145,
10/4/2020,Hosp,Yes,5020,
10/4/2020,Hosp,No,1556,
10/4/2020,Hosp,Unknown,2934,
10/4/2020,Preexist,Yes,4844,
10/4/2020,Preexist,No,90,
10/4/2020,Preexist,Unknown,4576,
10/5/2020,Sex,Male,4370,
10/5/2020,Sex,Female,5155,
10/5/2020,Hosp,Yes,5026,
10/5/2020,Hosp,No,1560,
10/5/2020,Hosp,Unknown,2944,
10/5/2020,Preexist,Yes,4853,
10/5/2020,Preexist,No,91,
10/5/2020,Preexist,Unknown,4586,
10/6/2020,Sex,Male,4371,
10/6/2020,Sex,Female,5162,
10/6/2020,Hosp,Yes,5032,
10/6/2020,Hosp,No,1562,
10/6/2020,Hosp,Unknown,2944,
10/6/2020,Preexist,Yes,4860,
10/6/2020,Preexist,No,90,
10/6/2020,Preexist,Unknown,4588,
10/7/2020,Sex,Male,4379,
10/7/2020,Sex,Female,5173,
10/7/2020,Hosp,Yes,5040,
10/7/2020,Hosp,No,1569,
10/7/2020,Hosp,Unknown,2948,
10/7/2020,Preexist,Yes,4869,
10/7/2020,Preexist,No,90,
10/7/2020,Preexist,Unknown,4598,
10/8/2020,Sex,Male,4380,
10/8/2020,Sex,Female,5180,
10/8/2020,Hosp,Yes,5040,
10/8/2020,Hosp,No,1571,
10/8/2020,Hosp,Unknown,2954,
10/8/2020,Preexist,Yes,4873,
10/8/2020,Preexist,No,90,
10/8/2020,Preexist,Unknown,4602,
10/9/2020,Sex,Male,4387,
10/9/2020,Sex,Female,5187,
10/9/2020,Hosp,Yes,5046,
10/9/2020,Hosp,No,1573,
10/9/2020,Hosp,Unknown,2958,
10/9/2020,Preexist,Yes,4879,
10/9/2020,Preexist,No,90,
10/9/2020,Preexist,Unknown,4608,
10/10/2020,Sex,Male,4393,
10/10/2020,Sex,Female,5191,
10/10/2020,Hosp,Yes,5053,
10/10/2020,Hosp,No,1572,
10/10/2020,Hosp,Unknown,2962,
10/10/2020,Preexist,Yes,4894,
10/10/2020,Preexist,No,90,
10/10/2020,Preexist,Unknown,4603,
10/11/2020,Sex,Male,4403,
10/11/2020,Sex,Female,5198,
10/11/2020,Hosp,Yes,5062,
10/11/2020,Hosp,No,1575,
10/11/2020,Hosp,Unknown,2967,
10/11/2020,Preexist,Yes,4904,
10/11/2020,Preexist,No,90,
10/11/2020,Preexist,Unknown,4610,
10/12/2020,Sex,Male,4410,
10/12/2020,Sex,Female,5204,
10/12/2020,Hosp,Yes,5068,
10/12/2020,Hosp,No,1576,
10/12/2020,Hosp,Unknown,2973,
10/12/2020,Preexist,Yes,4909,
10/12/2020,Preexist,No,91,
10/12/2020,Preexist,Unknown,4617,
10/13/2020,Sex,Male,4416,
10/13/2020,Sex,Female,5211,
10/13/2020,Hosp,Yes,5074,
10/13/2020,Hosp,No,1578,
10/13/2020,Hosp,Unknown,2978,
10/13/2020,Preexist,Yes,4913,
10/13/2020,Preexist,No,91,
10/13/2020,Preexist,Unknown,4626,
10/14/2020,Sex,Male,4423,
10/14/2020,Sex,Female,5221,
10/14/2020,Hosp,Yes,5080,
10/14/2020,Hosp,No,1581,
10/14/2020,Hosp,Unknown,2986,
10/14/2020,Preexist,Yes,4923,
10/14/2020,Preexist,No,91,
10/14/2020,Preexist,Unknown,4633,
10/15/2020,Sex,Male,4433,
10/15/2020,Sex,Female,5236,
10/15/2020,Hosp,Yes,5086,
10/15/2020,Hosp,No,1586,
10/15/2020,Hosp,Unknown,3000,
10/15/2020,Preexist,Yes,4938,
10/15/2020,Preexist,No,91,
10/15/2020,Preexist,Unknown,4643,
10/16/2020,Sex,Male,4447,
10/16/2020,Sex,Female,5252,
10/16/2020,Hosp,Yes,5101,
10/16/2020,Hosp,No,1589,
10/16/2020,Hosp,Unknown,3012,
10/16/2020,Preexist,Yes,4950,
10/16/2020,Preexist,No,91,
10/16/2020,Preexist,Unknown,4661,
10/17/2020,Sex,Male,4454,
10/17/2020,Sex,Female,5266,
10/17/2020,Hosp,Yes,5109,
10/17/2020,Hosp,No,1593,
10/17/2020,Hosp,Unknown,3021,
10/17/2020,Preexist,Yes,4968,
10/17/2020,Preexist,No,91,
10/17/2020,Preexist,Unknown,4664,
10/18/2020,Sex,Male,4457,
10/18/2020,Sex,Female,5277,
10/18/2020,Hosp,Yes,5115,
10/18/2020,Hosp,No,1597,
10/18/2020,Hosp,Unknown,3025,
10/18/2020,Preexist,Yes,4975,
10/18/2020,Preexist,No,91,
10/18/2020,Preexist,Unknown,4671,
10/19/2020,Sex,Male,4467,
10/19/2020,Sex,Female,5283,
10/19/2020,Hosp,Yes,5122,
10/19/2020,Hosp,No,1600,
10/19/2020,Hosp,Unknown,3031,
10/19/2020,Preexist,Yes,4981,
10/19/2020,Preexist,No,91,
10/19/2020,Preexist,Unknown,4681,
10/20/2020,Sex,Male,4467,
10/20/2020,Sex,Female,5288,
10/20/2020,Hosp,Yes,5123,
10/20/2020,Hosp,No,1600,
10/20/2020,Hosp,Unknown,3035,
10/20/2020,Preexist,Yes,4987,
10/20/2020,Preexist,No,91,
10/20/2020,Preexist,Unknown,4680,
10/21/2020,Sex,Male,4480,
10/21/2020,Sex,Female,5297,
10/21/2020,Hosp,Yes,5132,
10/21/2020,Hosp,No,1603,
10/21/2020,Hosp,Unknown,3045,
10/21/2020,Preexist,Yes,4995,
10/21/2020,Preexist,No,93,
10/21/2020,Preexist,Unknown,4692,
10/22/2020,Sex,Male,4496,
10/22/2020,Sex,Female,5310,
10/22/2020,Hosp,Yes,5142,
10/22/2020,Hosp,No,1605,
10/22/2020,Hosp,Unknown,3063,
10/22/2020,Preexist,Yes,5012,
10/22/2020,Preexist,No,93,
10/22/2020,Preexist,Unknown,4705,
,,,,
,,,,
,,,,
,,,,
,,,,
,,,,
,,,,
,,,,
,,,,
,,,,
,,,,
